net,length_um
net50,375.42
net84,351.63
_1433_,351.51
_0412_,347.07
_1432_,345.33
_0410_,343.18
net73,334.82
_1446_,327.91
_1098_,323.86
_1447_,321
net64,318.85
net99,314.36
net41,313.38
_0478_,312.46
net46,309.32
net72,308.77
net48,300.81
_1475_,287.37
net90,281.89
_1476_,281.13
_0454_,279.17
_0455_,278.98
net96,278.9
net66,278.48
_0479_,277.74
_0445_,274.63
net81,271.8
_0446_,266.14
net25,265.46
_0474_,264.15
_0722_,257.57
_1439_,257.57
net38,256.65
_1262_,256.29
_1413_,254.72
_0475_,253.96
_0443_,252.93
_0426_,251.12
net98,250.6
net69,249.88
_0442_,245.28
net80,245.04
_0425_,243.47
_1409_,241.09
_1407_,240.18
_1440_,240.06
net79,240.03
_1436_,239.05
net67,238.96
_0433_,237.8
_0415_,235.89
net62,234.92
_1415_,234.72
_0434_,234.41
net28,232.65
_1243_,231.58
net32,230.96
net97,227.83
_1324_,227.49
net31,226.98
_0580_,221.24
_0939_,221.08
_0339_,219.1
_1430_,216.98
net51,215.5
net58,215.32
_1205_,214.68
net74,212.04
_0338_,207.14
net29,207.12
_1281_,205.47
_0441_,204.62
_1422_,203.93
net10,203.025
_1421_,203.01
_0878_,202.71
_1204_,202.38
_0839_,200.66
_0420_,200.43
_0712_,198.38
net5,198.26
net187,198.22
_0960_,197.99
_0422_,197.86
net53,194.41
_0871_,194.14
net85,193.925
_1474_,193
net4,192.3
_0847_,192.08
_0430_,189.69
net40,189.48
_0898_,189.12
net23,189.05
net36,188.98
net34,188.78
net57,187.44
_0429_,187.36
_0741_,186.795
_0005_,186.03
_0343_,185.46
_0811_,185.06
_0450_,184.68
_0342_,183.7
_0458_,182.47
_1445_,181.67
_1061_,180.3
net54,180.3
_1438_,180.1
net3,179.68
_0004_,179.57
_0736_,179.19
_0994_,178.9
net19,178.3
net14,177.845
_1091_,177.3
_0858_,176.84
_0899_,176.26
_1282_,174.8
_0451_,174.5
_0790_,174.38
net16,173.3
_0461_,173.29
net20,172.86
net59,172.36
_0578_,171.96
_1033_,171.76
_0432_,171.42
_0738_,170.98
_1435_,170.42
net13,170.38
_1425_,169.06
_1289_,169.04
_0886_,168.36
_0947_,167.86
_0781_,167.56
_0728_,166
_0760_,165.82
_1270_,165.66
net27,165.56
net8,165.26
_1213_,164.85
_1426_,164.68
_0822_,164.3
_0821_,164.265
net11,163.72
net30,163.72
net2,163.44
_0829_,163.22
net1,162.94
_0000_,162.69
_0906_,161.92
net186,160.86
_1251_,160.81
_0879_,158.7
_0448_,158.66
_0724_,157.8
_1206_,157.35
net89,157
_1486_,156.04
net37,155.28
_0727_,154
net42,153.6
_0713_,152.99
_0001_,152.66
_1013_,151.48
net47,151.22
_1080_,148.89
_0919_,148.53
_1002_,148.12
_0416_,147.64
_0428_,147.42
_0576_,147.26
_1041_,147.13
_0705_,147.03
_1232_,146.46
_1428_,145.85
_0779_,145.8
_0481_,145.18
_0974_,144.52
net167,143.44
_0732_,143.28
_1224_,141.52
_0926_,140.7
_1304_,138.84
_1405_,137.68
_0457_,136.94
net15,136.56
_0767_,135.44
_1021_,135.02
net94,134.65
_0869_,134.2
net63,134.14
_0940_,133.5
_0769_,132.6
_0748_,132.04
po_0.regf_0.rp_rd,130.36
net35,130.28
_0421_,130.23
_0918_,130.1
_0007_,129.82
_1053_,129.68
net9,126.54
po_0.regf_0._5_\[15\],126.44
_0716_,126.3
net12,126.3
_0697_,125.86
_1398_,124.94
_0982_,124.56
_0473_,123.46
po_0.regf_0._5_\[13\],122.72
_1397_,122.36
_0419_,121.69
_0701_,120.205
_0437_,120.01
_0573_,117.82
net6,117.47
_1323_,117.22
_1464_,115.7
_0770_,114.9
_1072_,114.8
_1406_,114.68
net26,114.52
net87,113.555
_0418_,112.2
net182,111.36
net145,111.34
net70,110.76
_0002_,110.72
_1408_,110.52
_1341_,108.06
_1244_,107.68
_1417_,107.62
po_0.regf_0._5_\[12\],106.94
_0484_,106.67
_0698_,106.56
_1263_,105.74
po_0.regf_0._5_\[14\],105.64
po_0.regf_0._3_\[14\],104.88
po_0.regf_0.rf\[11\]\[1\],104.62
_1092_,104.46
net125,104.17
_0718_,103.36
_1429_,102.75
po_0.regf_0.rf\[10\]\[1\],101.915
net93,101.22
_0803_,100.9
_0696_,100.48
_1418_,98.54
_0482_,97.98
_0381_,97.06
_0830_,97
_0706_,96.8
net174,96.62
po_0.muxf_0.rf_w_data\[0\],96.5
net88,95.6
_0812_,95.28
_1337_,95.24
_0368_,95.14
_0708_,94.34
_1456_,93.8
_1420_,93.68
net156,93.47
po_0.regf_0._3_\[3\],93.44
_0804_,93.4
_0699_,90.86
po_0.regf_0._5_\[3\],90.86
_0711_,90.735
_0990_,89.9
_0348_,89.76
_0694_,89.095
net175,88.84
_0917_,88.31
net144,87.91
_1034_,87.76
po_0.regf_0._3_\[13\],86.34
_0749_,86.29
net138,85.9
_0529_,85.88
_0709_,85.585
_0006_,85.56
net112,85.32
_0547_,85.12
net170,84.92
net119,84.88
_0537_,84.81
net134,84.45
net124,84.16
_0427_,83.02
po_0.regf_0._5_\[11\],82.98
po_0.regf_0._5_\[9\],82.72
_0721_,82.3
po_0.regf_0._3_\[2\],82.2
net39,81.38
_0876_,80.84
net139,79.66
_0995_,79.62
net55,79.48
_0937_,78.7
net141,78.64
_1443_,78.08
po_0.regf_0.rf\[8\]\[1\],78.03
_0840_,77.98
_1372_,77.6
_0480_,77.16
net129,76.36
_1014_,76.24
_0961_,75.94
_0394_,75.36
_0387_,75.14
_0492_,74.5
_0780_,74.42
_0967_,74.2
net82,74.12
po_0.regf_0.w_addr\[2\],73.92
_0574_,73.8
_1338_,73.735
_1416_,73.7
_0403_,73.48
_1404_,73.28
_1459_,73.26
net158,72.94
po_0._1_\[1\],72.84
_1479_,72.76
net115,72.36
_0358_,71.82
net83,71.7
net117,71.28
net172,71.24
_0456_,70.9
net142,70.67
net184,70.66
_0553_,70.54
net132,70.48
_0003_,70.36
_1302_,70.36
_1454_,69.78
_1468_,69.78
net44,69.38
_0897_,69.12
net164,69.08
_1342_,68.9
po_0._1_\[0\],68.58
net136,68.54
_0735_,68.52
_1054_,68.45
po_0.regf_0._5_\[5\],68.3
_0958_,68.22
_0535_,68.14
_1340_,67.96
net173,67.84
net159,67.76
_0467_,67.5
_0978_,67.18
_1225_,66.9
net154,66.52
po_0.regf_0._5_\[0\],66.42
_0700_,66.32
uc_0.bc_0._54_\[0\],66.245
_0497_,64.99
_1377_,64.92
_0988_,64.74
net183,64.38
_1111_,64.28
_0739_,64.04
net76,64.04
net147,63.96
po_0.regf_0._5_\[4\],63.76
_0872_,63.72
_0493_,63.68
uc_0.bc_0._54_\[1\],62.685
po_0._1_\[4\],62.58
net135,62.47
_0530_,62.38
_0971_,62.32
net133,62.2
net21,61.9
net106,61.18
_0793_,61.065
net185,61.06
_0870_,61
_0838_,60.98
net49,60.96
_0396_,60.94
_1073_,60.79
net153,60.48
_0761_,60.36
_0984_,59.54
_0643_,59.37
_1167_,58.92
po_0.regf_0._3_\[4\],58.86
_0566_,58.84
net178,58.6
_0523_,58.32
net71,58.32
net163,58.22
_1339_,57.8
po_0.regf_0._3_\[11\],57.78
_1336_,57.64
net160,57.52
po_0.regf_0._5_\[6\],57.46
_0969_,55.84
_1099_,55.18
net168,55.1
net109,54.86
net100,54.8
net166,54.76
_0581_,54.58
net116,54.44
_0980_,54.3
po_0.regf_0.w_addr\[3\],54.24
net130,54.18
net103,54.08
net18,53.96
net17,53.94
_0965_,53.62
_0372_,53.52
po_0._1_\[8\],53.52
_0857_,53.48
_0559_,53.46
_1166_,53.46
po_0.regf_0._3_\[0\],53.44
net180,53.32
_1123_,53.22
_0506_,52.32
_1485_,52.04
_0856_,51.92
_0561_,51.56
net177,51.54
net151,51.5
uc_0.bc_0._54_\[2\],51.445
_0476_,51.36
uc_0._01_,51.34
_0973_,51.2
_0963_,51.06
net108,50.88
net102,50.5
net150,50.36
_0798_,50.24
_1395_,50.18
_0435_,50.08
net157,49.9
net77,49.86
po_0.regf_0._5_\[10\],49.6
net152,49.51
_0650_,49.32
_0725_,49.1
net101,49.1
_1481_,49.06
net86,49.03
_0848_,49
net171,48.94
net43,48.88
net65,48.74
_0791_,48.64
po_0.regf_0._3_\[6\],48.44
_0407_,48.34
po_0.regf_0.rf\[11\]\[9\],48.34
_1386_,48.295
po_0.regf_0.rf\[10\]\[2\],48.185
net127,48.18
_0976_,48.06
uc_0._20_\[11\],48
net126,47.52
_0379_,47.34
_1423_,47.22
_0378_,47.16
net113,46.96
_0499_,46.92
net24,46.9
_0351_,46.82
_1126_,46.46
po_0.regf_0.rf\[11\]\[2\],46.36
net122,46.17
net146,45.98
_0704_,45.96
net131,45.85
net104,45.74
net176,45.51
_0661_,45.48
_0540_,45.44
po_0.alu_0._10_\[14\],45.36
po_0.regf_0.rf\[2\]\[15\],45.19
net149,45.02
po_0.regf_0._5_\[1\],44.9
_0986_,44.74
po_0.regf_0.rf\[9\]\[11\],44.72
_1399_,44.5
net111,44.22
net120,44.22
po_0.regf_0.rf\[11\]\[10\],44.16
_0369_,44.14
po_0.muxf_0.rf_w_data\[2\],44
_0992_,43.86
_0401_,43.64
_1124_,43.365
po_0.regf_0.rf\[11\]\[5\],43.06
_0512_,43
_1112_,42.96
_0571_,42.9
_1488_,42.88
_0720_,42.84
_0632_,42.82
net92,42.78
net179,42.63
_0645_,42.62
_1113_,42.515
net161,42.42
_1378_,42.25
net143,42.18
_1387_,41.6
_0659_,41.12
po_0.regf_0.rf\[8\]\[6\],41.06
_0747_,40.84
_0859_,40.72
_0470_,40.68
_0549_,40.56
_1363_,40.4
_0349_,40.38
_0409_,40.08
_1376_,39.82
_1370_,39.76
_0411_,39.36
_0623_,39.28
po_0.regf_0.rf\[2\]\[12\],39.23
_0619_,39.2
po_0.regf_0.rf\[10\]\[4\],39.17
po_0.regf_0.rf\[3\]\[2\],39.12
_1186_,39.08
_0874_,39
_1461_,38.64
_0504_,38.56
_1444_,38.56
_0707_,38.5
_0518_,38.48
po_0.regf_0.rf\[11\]\[4\],38.42
_1385_,38.27
po_0.regf_0.w_wr,38.24
_0666_,37.94
_0389_,37.82
_1383_,37.44
_0845_,37.12
po_0.alu_0._10_\[15\],37.1
_0347_,37.06
po_0._1_\[2\],37.015
po_0.muxf_0.s0,36.78
_0672_,36.72
_0010_,36.3
po_0.regf_0._3_\[7\],36.28
_1390_,36.06
net155,35.92
po_0.regf_0._3_\[10\],35.5
_0607_,35.44
_0651_,35.26
net45,35.22
net95,35.14
po_0.regf_0.rf\[11\]\[6\],34.92
_0516_,34.76
_0657_,34.72
_0589_,34.715
po_0.regf_0.rf\[14\]\[4\],34.42
_0414_,34.14
po_0.regf_0.rf\[0\]\[13\],34.07
net60,34.06
_1410_,34.02
po_0.regf_0.rf\[0\]\[6\],33.94
net123,33.755
_0861_,33.64
po_0.regf_0.rf\[7\]\[13\],33.64
po_0.regf_0.rf\[4\]\[8\],33.38
_0374_,33.22
po_0.regf_0.rf\[1\]\[1\],33.12
_0610_,32.95
po_0.regf_0.rf\[10\]\[9\],32.6
net114,32.4
po_0.regf_0.rf\[10\]\[5\],32.32
po_0.regf_0.rf\[10\]\[0\],32.31
_1127_,32.26
po_0._1_\[3\],32.24
net181,32.2
_1115_,32.18
po_0.regf_0.rf\[11\]\[12\],32.1
net105,32.08
po_0.regf_0.rf\[2\]\[1\],31.94
po_0.regf_0.rf\[14\]\[3\],31.89
_1490_,31.76
_0551_,31.72
_0612_,31.62
_0503_,31.5
_0765_,31.5
_1457_,31.48
_1466_,31.36
po_0.regf_0.rf\[9\]\[3\],31.36
po_0.regf_0.rf\[13\]\[8\],31.25
net165,31.21
po_0._1_\[7\],31.12
net110,31.02
po_0._1_\[9\],30.96
_1200_,30.94
uc_0._20_\[10\],30.88
net121,30.86
_0665_,30.8
po_0.regf_0.rf\[6\]\[1\],30.755
net128,30.66
po_0.regf_0.rf\[5\]\[2\],30.54
po_0.regf_0.rf\[7\]\[1\],30.44
net91,30.44
_0875_,30.36
D_R_data[7],30.33
net137,30.2
po_0.regf_0.rf\[4\]\[5\],30.04
net140,30.02
po_0.regf_0.rf\[0\]\[8\],29.96
_1165_,29.73
po_0.regf_0.rf\[4\]\[10\],29.66
_0590_,29.515
po_0.regf_0.rf\[5\]\[0\],29.48
_0424_,29.44
_0754_,29.42
net162,29.4
po_0.regf_0.rf\[10\]\[3\],29.17
po_0.regf_0.rf\[14\]\[13\],29.165
_0579_,29.12
po_0.regf_0.rf\[1\]\[6\],28.96
_0501_,28.94
po_0.regf_0.rf\[14\]\[14\],28.93
po_0._1_\[11\],28.91
po_0.regf_0.rf\[1\]\[2\],28.91
po_0.muxf_0.rf_w_data\[1\],28.9
_0353_,28.82
_0357_,28.82
po_0.regf_0.rf\[9\]\[8\],28.76
po_0._1_\[13\],28.66
_0766_,28.62
_0877_,28.62
_0778_,28.58
_1120_,28.38
po_0.regf_0.rf\[10\]\[12\],28.34
po_0.regf_0._5_\[8\],28.3
po_0.regf_0.rf\[15\]\[4\],28.295
po_0._1_\[5\],28.28
po_0.regf_0.rf\[14\]\[7\],28.265
_0600_,28.22
_1119_,28.22
net61,28.22
po_0.regf_0.rf\[7\]\[12\],28.06
_0376_,28.04
po_0.regf_0.rf\[15\]\[1\],28
net148,28
_0584_,27.98
_0800_,27.93
po_0.regf_0.rf\[4\]\[1\],27.92
_0835_,27.88
_0802_,27.8
_1159_,27.68
_0825_,27.66
po_0.regf_0.rf\[14\]\[11\],27.555
_0528_,27.54
_1392_,27.535
po_0.regf_0.rf\[4\]\[6\],27.5
po_0._1_\[6\],27.48
po_0.regf_0.rf\[0\]\[3\],27.44
_1191_,27.32
po_0.regf_0.rf\[9\]\[5\],27.28
po_0.regf_0.rf\[5\]\[11\],27.24
po_0.regf_0.rf\[5\]\[1\],27.16
po_0.regf_0.rf\[9\]\[4\],27.16
_0399_,27.1
po_0.regf_0.rf\[6\]\[12\],27.09
po_0.regf_0.rf\[2\]\[4\],27.035
po_0.regf_0.rf\[1\]\[8\],27.02
po_0.regf_0.rf\[3\]\[7\],27.02
po_0.regf_0.rf\[6\]\[3\],27.01
_0758_,27
_0789_,26.98
_1373_,26.98
_0485_,26.94
_0755_,26.94
po_0.regf_0.rf\[12\]\[7\],26.84
po_0.regf_0.rf\[7\]\[2\],26.64
po_0.regf_0.rf\[5\]\[8\],26.54
po_0.regf_0.rf\[6\]\[7\],26.41
_1300_,26.38
_1350_,26.32
po_0.regf_0.rf\[5\]\[3\],26.3
_1128_,26.24
po_0.regf_0.rf\[1\]\[0\],26.24
_0462_,26.16
_0531_,26.16
po_0.regf_0.rf\[14\]\[0\],26.03
_0616_,25.98
_1315_,25.98
po_0.alu_0._11_\[14\],25.98
_0564_,25.96
po_0.regf_0.rf\[11\]\[14\],25.96
net118,25.94
_0644_,25.92
po_0.regf_0.rf\[12\]\[6\],25.9
_0370_,25.86
po_0.regf_0.rf\[5\]\[10\],25.8
po_0.regf_0.rf\[10\]\[8\],25.775
po_0.regf_0.rf\[15\]\[13\],25.76
po_0.regf_0.rf\[8\]\[10\],25.74
po_0.regf_0.rf\[3\]\[11\],25.69
po_0.regf_0.rf\[11\]\[15\],25.68
uc_0._20_\[9\],25.66
po_0.regf_0.rf\[0\]\[5\],25.64
po_0.regf_0.rf\[3\]\[1\],25.6
po_0.regf_0.rf\[4\]\[7\],25.56
_1301_,25.52
po_0.regf_0.rf\[4\]\[11\],25.42
po_0.regf_0.rf\[10\]\[6\],25.375
_0680_,25.36
_0611_,25.25
uc_0._00_,25.22
_0346_,25.11
po_0.regf_0.rf\[9\]\[2\],25.1
_1414_,25.04
po_0.regf_0.rf\[3\]\[12\],25.04
_0628_,24.94
po_0.regf_0.rf\[10\]\[10\],24.89
_0682_,24.88
_0627_,24.86
_0797_,24.84
po_0.regf_0.rf\[15\]\[5\],24.84
_0667_,24.79
po_0.regf_0.rf\[4\]\[4\],24.74
_1477_,24.72
po_0.muxf_0.s1,24.6
po_0.regf_0.rf\[15\]\[14\],24.6
_1151_,24.56
_0617_,24.52
po_0.regf_0.rf\[1\]\[3\],24.5
po_0.regf_0.rf\[6\]\[6\],24.39
po_0.regf_0.rf\[2\]\[14\],24.33
net68,24.3
po_0.regf_0.rf\[6\]\[15\],24.195
_1469_,24.16
po_0.regf_0.rf\[10\]\[13\],24.05
po_0.regf_0.rf\[14\]\[12\],24.01
_0784_,24
uc_0._20_\[8\],23.98
_1384_,23.88
po_0.regf_0.rf\[15\]\[0\],23.84
po_0.regf_0.rf\[7\]\[4\],23.8
po_0.alu_0._11_\[9\],23.76
_0591_,23.56
_1349_,23.48
po_0.regf_0.rf\[13\]\[1\],23.48
po_0.regf_0.rf\[15\]\[3\],23.4
po_0.regf_0.rf\[10\]\[14\],23.36
po_0.regf_0.rf\[15\]\[2\],23.34
_1187_,23.3
po_0.regf_0.rf\[0\]\[2\],23.3
po_0.regf_0.rf\[6\]\[2\],23.29
po_0.regf_0.rf\[7\]\[3\],23.26
_1453_,23.2
po_0.regf_0.rf\[13\]\[7\],23.2
_1199_,23.18
po_0.regf_0.rf\[3\]\[0\],23.16
po_0.regf_0.rf\[14\]\[5\],23.15
_1371_,23.08
net56,23.08
_0862_,23.04
po_0.regf_0.rf\[3\]\[5\],23.04
po_0.regf_0.rf\[0\]\[4\],22.96
po_0.regf_0.rf\[5\]\[5\],22.96
po_0.regf_0.rf\[14\]\[1\],22.945
_0641_,22.94
_0828_,22.86
po_0.regf_0.rf\[3\]\[4\],22.78
_0717_,22.76
_0525_,22.7
po_0.regf_0.rf\[9\]\[0\],22.69
po_0.regf_0.rf\[8\]\[8\],22.68
po_0.regf_0.rf\[1\]\[13\],22.67
_0693_,22.6
_1493_,22.58
po_0.regf_0.rf\[6\]\[9\],22.58
po_0.regf_0.rf\[8\]\[7\],22.58
_1348_,22.56
_0568_,22.52
po_0.muxf_0.rf_w_data\[5\],22.44
po_0.regf_0.rf\[15\]\[15\],22.42
po_0.regf_0.rf\[14\]\[2\],22.365
po_0.regf_0.rf\[12\]\[12\],22.28
D_W_data[9],22.11
_0380_,22.04
_0731_,21.96
uc_0.bc_0._55_\[1\],21.91
po_0.regf_0.rf\[11\]\[13\],21.9
po_0.regf_0.rf\[14\]\[15\],21.87
po_0.regf_0.rf\[5\]\[6\],21.84
_0508_,21.82
uc_0.bc_0._54_\[3\],21.82
_1032_,21.73
po_0.regf_0.rf\[12\]\[8\],21.66
_1442_,21.62
po_0.regf_0.rf\[4\]\[2\],21.6
po_0.regf_0.rf\[4\]\[0\],21.56
uc_0.bc_0._55_\[3\],21.52
_0768_,21.48
po_0.regf_0.rf\[0\]\[14\],21.48
_0775_,21.4
net107,21.4
po_0.regf_0.rf\[13\]\[6\],21.26
po_0.regf_0._3_\[1\],21.24
_0648_,21.21
po_0.regf_0.rf\[10\]\[15\],21.165
_0649_,21.16
po_0.regf_0.rf\[2\]\[2\],21.13
po_0.regf_0.rf\[15\]\[8\],21.12
_1427_,21.06
po_0.regf_0.rf\[7\]\[8\],21.04
po_0.regf_0.rf\[13\]\[12\],20.99
po_0.regf_0.rf\[4\]\[15\],20.98
_0465_,20.92
po_0.regf_0.rf\[9\]\[6\],20.88
po_0._1_\[14\],20.86
net33,20.86
po_0.regf_0.rf\[6\]\[4\],20.835
po_0.regf_0.rf\[5\]\[4\],20.82
_0629_,20.76
_0593_,20.72
_0646_,20.7
po_0.regf_0.rf\[7\]\[14\],20.7
po_0.regf_0.rf\[9\]\[14\],20.68
_0383_,20.64
_1351_,20.62
po_0.alu_0.s1,20.62
po_0.regf_0.rf\[0\]\[15\],20.58
po_0.regf_0.rf\[7\]\[7\],20.49
_1195_,20.48
po_0.regf_0.rf\[0\]\[0\],20.44
_0814_,20.405
po_0.regf_0.rf\[12\]\[9\],20.4
po_0.regf_0.rf\[8\]\[9\],20.36
_0678_,20.34
_0495_,20.26
uc_0.bc_0._55_\[0\],20.24
po_0.regf_0.rf\[2\]\[10\],20.175
po_0.regf_0.rf\[6\]\[5\],20.17
po_0.regf_0.rf\[6\]\[8\],20.15
po_0._1_\[12\],20.02
po_0.regf_0.rf\[8\]\[3\],19.84
_0211_,19.785
_0853_,19.66
po_0.regf_0.rf\[4\]\[12\],19.66
po_0.muxf_0.rf_w_data\[4\],19.58
po_0.regf_0.rf\[9\]\[7\],19.5
po_0.regf_0.rf\[4\]\[3\],19.42
_0587_,19.36
po_0.regf_0.rf\[6\]\[13\],19.29
_0819_,19.28
_0360_,19.2
po_0.regf_0.rf\[11\]\[0\],19.2
uc_0._02_,19.2
po_0.regf_0.rf\[14\]\[8\],19.15
po_0.regf_0.rf\[0\]\[7\],19.1
_0618_,19.04
_0008_,18.915
_0730_,18.9
po_0.regf_0.rf\[3\]\[13\],18.88
po_0.regf_0.rf\[10\]\[11\],18.85
po_0.regf_0.rf\[2\]\[13\],18.675
po_0.regf_0.rf\[5\]\[15\],18.64
po_0.regf_0.rf\[12\]\[10\],18.6
po_0.regf_0.rf\[12\]\[1\],18.54
_1463_,18.52
po_0.regf_0.rf\[4\]\[14\],18.5
_0386_,18.48
_0408_,18.48
po_0.alu_0._10_\[13\],18.48
po_0.regf_0.rf\[0\]\[9\],18.46
po_0.regf_0.rf\[2\]\[7\],18.435
_0851_,18.4
po_0.regf_0.rf\[1\]\[5\],18.4
po_0.regf_0.rf\[4\]\[9\],18.4
po_0.regf_0.rf\[10\]\[7\],18.365
_1470_,18.28
po_0.regf_0.rf\[1\]\[9\],18.24
po_0.regf_0.rf\[0\]\[10\],18.2
I_addr[6],18.12
_0686_,18.12
po_0.regf_0.rf\[3\]\[9\],18.12
I_data[13],18.1
po_0.regf_0.rf\[13\]\[15\],18.1
po_0.regf_0.rf\[1\]\[11\],18.1
po_0.regf_0.rf\[9\]\[12\],18.06
_1141_,17.9
po_0.regf_0.rf\[6\]\[14\],17.89
_0687_,17.88
po_0.regf_0.rf\[9\]\[9\],17.86
po_0.regf_0.rf\[1\]\[14\],17.82
po_0.regf_0.rf\[12\]\[3\],17.72
po_0.regf_0.rf\[15\]\[10\],17.72
po_0.regf_0.rf\[5\]\[7\],17.68
po_0.regf_0.rf\[12\]\[4\],17.6
po_0.regf_0.rf\[2\]\[0\],17.57
po_0.regf_0.rf\[9\]\[1\],17.56
po_0.regf_0.rf\[12\]\[11\],17.5
po_0.regf_0.rf\[8\]\[11\],17.5
po_0.regf_0.rf\[7\]\[9\],17.42
_1412_,17.4
po_0.regf_0.rf\[12\]\[14\],17.4
po_0.regf_0.rf\[7\]\[5\],17.39
po_0.regf_0.rf\[6\]\[0\],17.37
_0366_,17.36
po_0.regf_0.rf\[9\]\[13\],17.36
_0598_,17.33
_0868_,17.24
po_0.regf_0.rf\[7\]\[15\],17.23
_0541_,17.22
_1314_,17.22
_0670_,17.2
_1129_,17.18
po_0.regf_0.rf\[6\]\[11\],17.095
po_0.regf_0.rf\[13\]\[4\],17.06
po_0.regf_0.rf\[0\]\[11\],17.02
po_0.muxf_0.rf_w_data\[7\],17
_0524_,16.86
_0639_,16.82
po_0.regf_0.rf\[12\]\[0\],16.8
_0460_,16.72
po_0.regf_0.rf\[11\]\[3\],16.7
po_0.regf_0.rf\[14\]\[6\],16.69
po_0.regf_0.rf\[2\]\[6\],16.69
_0603_,16.68
_0520_,16.64
po_0.regf_0.rf\[3\]\[14\],16.62
_1169_,16.6
po_0.regf_0.rf\[8\]\[5\],16.54
_1202_,16.48
po_0.regf_0.rf\[15\]\[11\],16.48
_1173_,16.44
po_0.regf_0.rf\[15\]\[7\],16.4
_1379_,16.36
_0363_,16.3
po_0.regf_0.rf\[3\]\[10\],16.26
uc_0.bc_0._55_\[2\],16.16
_0405_,16.06
po_0.regf_0.rf\[2\]\[8\],16.01
po_0.regf_0.rf\[8\]\[4\],16
po_0.regf_0.rf\[0\]\[1\],15.88
po_0.regf_0.rf\[7\]\[6\],15.85
_0395_,15.84
_0599_,15.84
po_0.regf_0.rf\[14\]\[9\],15.81
_0809_,15.8
po_0.regf_0.rf\[11\]\[8\],15.8
po_0.regf_0.rf\[4\]\[13\],15.74
po_0.regf_0.rf\[2\]\[5\],15.67
_1136_,15.66
po_0.regf_0.rf\[7\]\[10\],15.59
po_0.regf_0.rf\[12\]\[5\],15.56
po_0.regf_0.rf\[5\]\[12\],15.56
_1182_,15.48
po_0.regf_0.rf\[2\]\[11\],15.375
po_0.regf_0.rf\[11\]\[11\],15.34
_0685_,15.22
_1203_,15.19
po_0.regf_0.rf\[14\]\[10\],15.11
_0521_,15.06
_0681_,15.02
_0652_,14.98
po_0.regf_0.rf\[13\]\[11\],14.96
net52,14.96
_0677_,14.94
po_0.regf_0.rf\[12\]\[15\],14.92
_0544_,14.88
_0585_,14.88
_0743_,14.8
po_0.regf_0.rf\[6\]\[10\],14.77
_0625_,14.74
_0633_,14.74
po_0.regf_0.w_addr\[1\],14.72
net169,14.54
po_0.regf_0.rf\[13\]\[5\],14.52
po_0.regf_0.rf\[1\]\[15\],14.52
po_0.regf_0.rf\[0\]\[12\],14.5
po_0.regf_0.rf\[5\]\[9\],14.46
po_0.regf_0.rf\[13\]\[9\],14.42
_1365_,14.4
po_0.regf_0.rf\[15\]\[9\],14.4
po_0.regf_0.rf\[12\]\[13\],14.38
po_0._1_\[10\],14.34
po_0.regf_0.rf\[1\]\[4\],14.26
net75,14.26
_0239_,14.205
_1389_,14.18
_0444_,14.1
_1163_,14.01
_1145_,13.96
po_0.regf_0.rf\[12\]\[2\],13.92
po_0.regf_0.rf\[8\]\[15\],13.92
_0341_,13.88
po_0.alu_0._11_\[5\],13.88
_0514_,13.84
_1254_,13.84
_0774_,13.82
_1156_,13.8
po_0.regf_0.rf\[3\]\[15\],13.8
po_0.regf_0.rf\[1\]\[7\],13.76
po_0.regf_0.rf\[13\]\[0\],13.72
po_0.regf_0.rf\[3\]\[3\],13.72
_0816_,13.695
_0583_,13.64
_0684_,13.62
_0820_,13.56
po_0.alu_0._11_\[8\],13.56
_0946_,13.5
po_0.regf_0.rf\[8\]\[13\],13.5
_1319_,13.28
po_0.regf_0.rf\[15\]\[12\],13.28
_1161_,13.24
po_0.regf_0.rf\[15\]\[6\],13.16
_0729_,13.12
_0777_,13.1
_0385_,13.08
_0453_,13.08
I_data[0],13.04
po_0.regf_0.rf\[7\]\[11\],13
_0660_,12.92
po_0.regf_0.rp_addr\[3\],12.92
_1367_,12.8
_0104_,12.785
D_R_data[8],12.74
_1176_,12.74
_0601_,12.72
_0483_,12.66
_1148_,12.66
_0815_,12.64
po_0.regf_0.rf\[13\]\[10\],12.62
_1356_,12.58
_0624_,12.46
_0664_,12.46
_0710_,12.46
_1198_,12.38
po_0.alu_0._11_\[11\],12.38
_0295_,12.365
I_addr[11],12.36
_1357_,12.34
_0400_,12.3
_0654_,12.3
_0079_,12.235
po_0.regf_0.rf\[8\]\[2\],12.22
_0888_,12.2
_1137_,12.08
_1040_,12.04
po_0.regf_0.rp_addr\[2\],12
_1316_,11.94
_0938_,11.92
_0588_,11.88
_1153_,11.88
po_0.muxf_0.rf_w_data\[6\],11.84
po_0.regf_0.rf\[13\]\[2\],11.78
_1158_,11.77
_1180_,11.76
_0746_,11.7
_1306_,11.64
_0915_,11.58
po_0.regf_0.rf\[13\]\[3\],11.58
_0532_,11.54
_0336_,11.525
_1394_,11.52
_0439_,11.5
_0563_,11.48
_1313_,11.48
_0640_,11.42
po_0.alu_0.s0,11.42
po_0.regf_0.rf\[11\]\[7\],11.38
po_0.regf_0.rf\[8\]\[12\],11.32
_0662_,11.28
po_0.regf_0.rf\[1\]\[10\],11.28
po_0.regf_0.rf\[7\]\[0\],11.28
_1050_,11.26
_0365_,11.22
po_0.regf_0.rf\[2\]\[3\],11.215
po_0.regf_0.rf\[9\]\[10\],11.2
_0638_,11.18
_0392_,11.14
_0930_,11.14
_1038_,11.14
po_0.alu_0._10_\[7\],11.12
_0609_,11.08
_0796_,11.08
_0867_,11.08
po_0.regf_0.rp_addr\[0\],11.04
po_0.regf_0.rf\[1\]\[12\],10.96
_1487_,10.9
_0634_,10.88
_1483_,10.88
_1154_,10.86
_0085_,10.825
_1005_,10.8
I_rd,10.78
_0751_,10.78
_1118_,10.78
_1450_,10.78
_0155_,10.725
_1388_,10.72
_0487_,10.7
_0753_,10.7
_0936_,10.7
I_data[3],10.66
_0927_,10.66
clock,10.66
_1133_,10.64
_0959_,10.62
po_0.alu_0._10_\[10\],10.62
_0556_,10.58
I_data[4],10.57
_1004_,10.56
_0783_,10.54
po_0.regf_0.rq_addr\[2\],10.5
_0367_,10.44
_1210_,10.44
led_clock,10.44
_0860_,10.42
_0966_,10.42
_0801_,10.4
po_0.regf_0.rf\[13\]\[14\],10.4
_0934_,10.36
po_0.regf_0.rf\[3\]\[6\],10.36
_0164_,10.305
_0191_,10.305
_0907_,10.28
_1211_,10.28
_0893_,10.26
D_R_data[3],10.2
D_R_data[5],10.2
po_0._1_\[15\],10.18
_0209_,10.1
_0423_,10.06
_1482_,10.005
_0526_,10
D_W_data[0],9.98
D_addr[1],9.98
D_addr[5],9.98
D_wr,9.98
I_addr[13],9.98
I_addr[3],9.98
I_addr[4],9.98
I_addr[9],9.98
_1131_,9.96
po_0.muxf_0.rf_w_data\[3\],9.94
_0171_,9.905
_0896_,9.9
_1266_,9.86
_1462_,9.86
leds[0],9.86
_0942_,9.82
_1344_,9.82
_0011_,9.76
_0836_,9.75
_1185_,9.74
_1249_,9.74
_1333_,9.74
_0653_,9.72
_1177_,9.7
po_0.regf_0.rf\[3\]\[8\],9.7
_0062_,9.685
_0120_,9.685
_0636_,9.66
D_R_data[14],9.64
D_R_data[15],9.64
_0850_,9.64
po_0.regf_0.rf\[9\]\[15\],9.58
_0756_,9.54
_0968_,9.52
_1039_,9.52
_0626_,9.48
_1022_,9.48
_1102_,9.48
_1132_,9.46
_0305_,9.445
_0823_,9.44
po_0.regf_0.rf\[8\]\[0\],9.44
D_R_data[10],9.4
D_R_data[9],9.4
_1335_,9.4
_0972_,9.36
_0991_,9.36
_0996_,9.36
_0486_,9.3
_0522_,9.3
_0757_,9.28
_0762_,9.28
_0309_,9.245
_0337_,9.245
po_0.regf_0.rf\[2\]\[9\],9.235
D_R_data[2],9.21
_0334_,9.205
po_0.alu_0._11_\[4\],9.19
I_data[12],9.18
_0944_,9.18
_0076_,9.125
_0608_,9.12
_1064_,9.12
I_addr[8],9.06
_1090_,9.06
_1403_,9.02
_0615_,9.015
_0472_,8.98
D_addr[0],8.96
D_addr[2],8.96
D_addr[7],8.96
D_rd,8.96
I_addr[10],8.96
I_addr[12],8.96
I_addr[1],8.96
leds[1],8.96
_0195_,8.945
_0675_,8.94
_1294_,8.94
_0671_,8.92
_1171_,8.92
_0498_,8.9
_1317_,8.9
_1352_,8.9
_1401_,8.9
_0210_,8.865
_0569_,8.86
_1011_,8.86
D_R_data[13],8.84
I_data[15],8.84
I_data[5],8.84
I_data[6],8.84
I_data[9],8.84
_1093_,8.84
_1125_,8.84
_1375_,8.84
_0668_,8.8
_1143_,8.8
_1174_,8.8
_0119_,8.745
_0321_,8.725
D_R_data[1],8.72
I_data[11],8.72
_0122_,8.665
_0575_,8.6
_0695_,8.6
_0776_,8.6
_0913_,8.6
_1037_,8.6
_1494_,8.6
_0635_,8.58
_1334_,8.58
_0015_,8.56
_0371_,8.56
_0466_,8.56
_1081_,8.56
_0356_,8.52
_1138_,8.52
_1063_,8.5
_1325_,8.5
po_0.alu_0._11_\[1\],8.5
_0276_,8.485
_0322_,8.485
_1366_,8.48
_1402_,8.48
_0024_,8.445
_0393_,8.44
_1059_,8.44
_1220_,8.44
_1238_,8.44
_1246_,8.44
_0020_,8.425
_1312_,8.42
_0391_,8.4
po_0.alu_0._11_\[12\],8.39
_0592_,8.36
_0355_,8.34
_0375_,8.32
_0538_,8.28
_1070_,8.28
_0220_,8.26
_1190_,8.24
po_0.regf_0.w_addr\[0\],8.22
po_0.regf_0.rf\[5\]\[13\],8.2
_0036_,8.165
_0109_,8.165
_0909_,8.14
_1381_,8.14
_1152_,8.1
_1491_,8.1
_0344_,8.06
D_addr[3],8.04
_1222_,8.04
po_0.regf_0._5_\[7\],8.02
_0715_,8
po_0.regf_0.rp_addr\[1\],8
_0560_,7.98
_1241_,7.98
_0469_,7.94
_1077_,7.94
_1252_,7.94
_0140_,7.88
_0177_,7.88
_1472_,7.88
po_0.regf_0.rq_addr\[3\],7.86
_0359_,7.84
po_0.regf_0._3_\[8\],7.82
_0023_,7.805
_0292_,7.805
_0354_,7.8
_1052_,7.78
po_0.regf_0.rf\[8\]\[14\],7.78
_0078_,7.765
_0148_,7.765
_0413_,7.76
_1303_,7.74
_1396_,7.68
_0167_,7.645
_0622_,7.64
_0740_,7.64
_1043_,7.64
_1209_,7.64
_1503_,7.64
_0296_,7.605
_1267_,7.6
_0676_,7.58
_1411_,7.58
_1140_,7.56
_1218_,7.56
_1276_,7.56
_1044_,7.52
_1307_,7.52
_1322_,7.52
_0196_,7.485
_0352_,7.46
po_0.regf_0.rq_addr\[1\],7.46
_0404_,7.44
_0539_,7.44
_0656_,7.44
_1201_,7.44
_1391_,7.44
_1144_,7.425
_0866_,7.42
_0226_,7.345
_0555_,7.24
_0577_,7.22
_1288_,7.22
_1497_,7.22
_0842_,7.18
_0894_,7.18
_1258_,7.18
_0895_,7.14
I_addr[15],7.13
_1235_,7.12
_0834_,7.1
_1192_,7.1
_1278_,7.1
_1380_,7.1
_0517_,7.06
_0904_,7.06
_1016_,7.06
_1025_,7.06
_1046_,7.06
_0286_,7.045
_0890_,7.04
_0116_,7.015
_0147_,7
_0515_,6.98
_1036_,6.98
_1274_,6.98
po_0.regf_0.rf\[13\]\[13\],6.98
_0265_,6.96
_1170_,6.96
_1178_,6.94
_0060_,6.925
_0013_,6.905
_0464_,6.9
_0402_,6.86
_1484_,6.855
_1455_,6.78
D_R_data[12],6.77
_0350_,6.76
_0604_,6.76
_0674_,6.76
_1086_,6.76
_1134_,6.76
_1500_,6.76
_0679_,6.74
_0817_,6.72
_0882_,6.72
_1287_,6.72
_0199_,6.685
_0218_,6.685
_0273_,6.685
_0304_,6.685
_0663_,6.64
_0953_,6.64
_1155_,6.64
_1229_,6.64
_1362_,6.64
_0669_,6.62
_0788_,6.6
_1035_,6.6
_1230_,6.6
_1424_,6.6
po_0.regf_0.rf\[5\]\[14\],6.6
I_addr[14],6.57
_0219_,6.565
I_data[10],6.55
po_0.alu_0._11_\[15\],6.54
_0545_,6.52
_0689_,6.52
_0855_,6.52
_0889_,6.52
_0235_,6.465
_0316_,6.465
_0543_,6.44
po_0.regf_0.rq_addr\[0\],6.42
_1359_,6.4
_0146_,6.365
_0320_,6.365
D_R_data[0],6.33
_0787_,6.3
_0813_,6.3
_0885_,6.3
_0891_,6.3
_0981_,6.3
_1009_,6.3
_1193_,6.3
_1236_,6.3
_1374_,6.3
_0595_,6.285
_0691_,6.28
_0139_,6.265
_0513_,6.26
_0534_,6.26
_0572_,6.26
_0921_,6.26
_1346_,6.26
D_W_data[5],6.21
D_W_data[7],6.21
leds[2],6.21
leds[3],6.21
_0979_,6.2
po_0.alu_0._10_\[0\],6.2
_0810_,6.18
_0865_,6.18
_0954_,6.18
_1332_,6.18
_1504_,6.18
_0290_,6.16
_0957_,6.14
_1007_,6.14
_1049_,6.14
_1231_,6.14
_1240_,6.14
_1248_,6.14
_1299_,6.14
_1305_,6.14
_1437_,6.14
_0900_,6.12
reset,6.11
D_R_data[11],6.09
D_R_data[6],6.09
_1160_,6.06
_1259_,6.06
po_0.alu_0._11_\[2\],6.05
_0026_,6.04
_0224_,6.025
_0324_,6.005
_0213_,5.965
_1368_,5.96
_0431_,5.94
_1498_,5.86
_1502_,5.86
_0340_,5.84
_0987_,5.84
_1058_,5.84
_1223_,5.84
_1355_,5.84
po_0.alu_0._10_\[8\],5.82
_0033_,5.805
_0082_,5.805
_0223_,5.805
_0345_,5.8
_0983_,5.8
_1078_,5.8
_1309_,5.8
D_W_data[10],5.77
_0044_,5.765
_0280_,5.765
I_addr[0],5.75
I_data[1],5.75
_0892_,5.74
_1012_,5.74
_1042_,5.74
_1067_,5.74
_1096_,5.74
_1208_,5.74
_1247_,5.74
_1283_,5.74
_1286_,5.74
po_0.alu_0._11_\[0\],5.74
_0546_,5.72
_0826_,5.72
_0931_,5.72
_0997_,5.72
_1135_,5.72
_1146_,5.72
_1400_,5.72
_0683_,5.68
_1105_,5.68
_1117_,5.68
_1207_,5.68
_1257_,5.68
_1264_,5.68
po_0.alu_0._11_\[10\],5.66
I_data[8],5.65
_0054_,5.62
_0261_,5.62
_0302_,5.62
po_0.regf_0._3_\[9\],5.62
_1068_,5.6
_1467_,5.6
_0012_,5.545
D_W_data[12],5.53
D_W_data[13],5.53
D_W_data[15],5.53
D_W_data[1],5.53
D_W_data[2],5.53
D_W_data[4],5.53
D_W_data[8],5.53
I_addr[2],5.53
I_addr[5],5.53
I_addr[7],5.53
_0093_,5.525
_0307_,5.525
_0091_,5.52
_0306_,5.505
po_0.alu_0._10_\[11\],5.5
_1478_,5.49
_0249_,5.48
_0028_,5.435
_0361_,5.38
_0377_,5.38
_0642_,5.38
_0844_,5.38
_0873_,5.38
_0935_,5.38
_1149_,5.38
_1216_,5.38
_1354_,5.38
_1471_,5.38
_1495_,5.38
_1499_,5.38
_1506_,5.38
_0881_,5.36
_0040_,5.345
_0170_,5.345
_0259_,5.345
_0565_,5.34
_0782_,5.34
_0849_,5.34
_0945_,5.34
_0975_,5.34
_1071_,5.34
_1245_,5.34
_1293_,5.34
_0238_,5.325
I_data[2],5.31
_0043_,5.305
_0131_,5.305
_0027_,5.265
_0132_,5.265
_0742_,5.26
_0808_,5.26
_0884_,5.26
_1088_,5.26
_1095_,5.26
_1284_,5.26
_1465_,5.26
_1489_,5.26
_0230_,5.255
_0364_,5.22
_0558_,5.22
_0714_,5.22
_0880_,5.22
_0920_,5.22
_1026_,5.22
_1031_,5.22
D_W_data[3],5.19
D_addr[6],5.19
I_data[14],5.19
_1157_,5.17
_0032_,5.16
_0124_,5.16
_0168_,5.16
_0184_,5.16
_0274_,5.16
_0459_,5.16
_1188_,5.14
_0570_,5.12
_1480_,5.12
_0242_,5.095
_0046_,5.085
_0047_,5.085
_0255_,5.085
_1164_,5.06
_0127_,5.045
_0035_,5.02
_0557_,5.02
_0373_,4.97
_0496_,4.92
_0832_,4.92
_0952_,4.92
_1089_,4.92
_1097_,4.92
_1239_,4.92
_1280_,4.92
_1291_,4.92
_1331_,4.92
po_0.alu_0._10_\[6\],4.92
uc_0._03_,4.92
_0655_,4.9
_0854_,4.9
_1100_,4.9
_0511_,4.88
_0737_,4.88
_0772_,4.88
_0951_,4.88
_0985_,4.88
_1017_,4.88
_1212_,4.88
_1217_,4.88
_1253_,4.88
_1492_,4.88
po_0.alu_0._10_\[12\],4.88
D_W_data[11],4.85
D_W_data[14],4.85
D_W_data[6],4.85
D_addr[4],4.85
_0052_,4.845
_0172_,4.845
_0471_,4.82
_1369_,4.82
po_0.regf_0._5_\[2\],4.82
_0169_,4.805
_0597_,4.8
_0759_,4.8
_0941_,4.8
_1015_,4.8
_1279_,4.8
_1311_,4.8
_1328_,4.8
_1353_,4.8
_1358_,4.8
_1496_,4.8
_0887_,4.78
_0929_,4.76
_1018_,4.76
_1045_,4.76
_1255_,4.76
_1327_,4.76
_0621_,4.7
_0719_,4.7
_0863_,4.68
_0993_,4.68
_0289_,4.625
D_R_data[4],4.61
_0447_,4.6
po_0.alu_0._11_\[13\],4.6
_0173_,4.545
_0388_,4.48
_0436_,4.48
_0614_,4.48
_0846_,4.48
_0567_,4.46
_0752_,4.46
_0794_,4.46
_0914_,4.46
_1066_,4.46
_1196_,4.46
_1221_,4.46
_1308_,4.46
_1364_,4.46
_1393_,4.46
po_0.alu_0._10_\[4\],4.46
_1010_,4.44
_0034_,4.425
_0053_,4.425
_0178_,4.425
_0245_,4.425
_0602_,4.42
_0773_,4.42
_0977_,4.42
_1048_,4.42
_1079_,4.42
_1296_,4.42
_0097_,4.385
_0258_,4.385
_0312_,4.385
_0688_,4.36
_0837_,4.36
_1055_,4.36
_1094_,4.36
_0438_,4.34
_0562_,4.34
_0605_,4.34
_0883_,4.34
_0903_,4.34
_0916_,4.34
_1101_,4.34
_1189_,4.34
_1219_,4.34
_1233_,4.34
_1234_,4.34
_1260_,4.34
_1360_,4.34
_0197_,4.325
_0250_,4.325
_0329_,4.295
_0098_,4.24
_0144_,4.24
_0188_,4.24
_0382_,4.24
_0398_,4.24
_1184_,4.22
_0831_,4.2
_0150_,4.165
_0552_,4.14
po_0.regf_0._3_\[5\],4.14
net22,4.14
po_0.alu_0._10_\[1\],4.1
_0049_,4.085
_0068_,4.085
_0548_,4.02
_0586_,4.02
_0620_,4.02
_0864_,4
_0923_,4
_1065_,4
_1215_,4
_1237_,4
_1256_,4
_1326_,4
_1343_,4
_1382_,4
_0221_,3.985
_1109_,3.98
_0030_,3.965
_0099_,3.965
_0123_,3.965
_0065_,3.955
_0315_,3.955
I_data[7],3.93
_1321_,3.93
_0029_,3.925
_0333_,3.925
_1060_,3.9
_1175_,3.9
_0490_,3.88
_0703_,3.88
_0824_,3.88
_0827_,3.88
_1114_,3.88
_1460_,3.88
_0228_,3.865
_0330_,3.865
_0201_,3.8
_1441_,3.76
_0058_,3.705
_0253_,3.705
_0284_,3.705
_0236_,3.68
_0452_,3.68
_1197_,3.68
_0594_,3.66
_0763_,3.66
_1168_,3.66
_0038_,3.625
_0090_,3.625
_0135_,3.625
_0231_,3.625
_0233_,3.625
_0299_,3.625
_0300_,3.625
_0637_,3.56
_0818_,3.56
_1150_,3.56
_1345_,3.56
_1347_,3.56
_1458_,3.56
_0468_,3.54
_0477_,3.54
_0488_,3.54
_0502_,3.54
_0536_,3.54
_0554_,3.54
_0658_,3.54
_0998_,3.54
_1106_,3.54
_1122_,3.54
_1142_,3.54
_1179_,3.54
_1194_,3.54
_1214_,3.54
_1228_,3.54
_1268_,3.54
_1290_,3.54
po_0.alu_0._11_\[3\],3.54
po_0.alu_0._11_\[6\],3.54
_0064_,3.515
_0216_,3.515
_0039_,3.505
_0042_,3.505
_0143_,3.505
_0158_,3.505
_0318_,3.505
_0014_,3.465
_0070_,3.465
_0096_,3.465
_0113_,3.465
_0225_,3.465
_0806_,3.44
_0925_,3.44
_1085_,3.44
_1130_,3.44
_0792_,3.42
_0924_,3.42
_1434_,3.42
_0031_,3.405
_0051_,3.405
_0067_,3.405
_0111_,3.405
_0114_,3.405
_0126_,3.405
_0162_,3.405
_0174_,3.405
_0202_,3.405
_0251_,3.405
_0270_,3.405
_0277_,3.405
_0288_,3.405
_0291_,3.405
_0319_,3.405
_0269_,3.34
_0287_,3.34
_0326_,3.34
_0327_,3.34
_0101_,3.32
_0152_,3.32
_0301_,3.32
_0323_,3.32
_0325_,3.32
_1452_,3.3
_0074_,3.275
_0045_,3.245
_0217_,3.245
_0272_,3.245
_0332_,3.245
_0022_,3.225
_0500_,3.22
_0613_,3.22
_0744_,3.22
po_0.regf_0.rq_rd,3.2
net78,3.2
_0260_,3.175
_0311_,3.175
_0021_,3.125
_0494_,3.1
_0631_,3.1
_1449_,3.1
_1110_,3.08
_1226_,3.08
_1250_,3.08
_1285_,3.08
_1297_,3.08
po_0.alu_0._10_\[2\],3.08
po_0.alu_0._10_\[3\],3.08
po_0.alu_0._10_\[9\],3.08
po_0.regf_0._3_\[15\],3.08
_0222_,3.065
_0182_,3.045
_0194_,3.045
_0198_,3.045
_0314_,3.045
_0081_,3.005
_0112_,3.005
_0133_,3.005
_0200_,3.005
_0229_,3.005
_0241_,3.005
_1108_,2.98
_0692_,2.96
_0702_,2.96
_0726_,2.96
_0734_,2.96
_0807_,2.96
_1023_,2.96
_1024_,2.96
_1121_,2.96
_1269_,2.96
net7,2.96
_0017_,2.945
_0061_,2.945
_0072_,2.945
_0077_,2.945
_0080_,2.945
_0083_,2.945
_0086_,2.945
_0088_,2.945
_0092_,2.945
_0110_,2.945
_0128_,2.945
_0134_,2.945
_0136_,2.945
_0151_,2.945
_0163_,2.945
_0166_,2.945
_0187_,2.945
_0189_,2.945
_0190_,2.945
_0192_,2.945
_0203_,2.945
_0204_,2.945
_0206_,2.945
_0207_,2.945
_0232_,2.945
_0243_,2.945
_0248_,2.945
_0262_,2.945
_0267_,2.945
_0268_,2.945
_0271_,2.945
_0283_,2.945
_0297_,2.945
_0303_,2.945
_0313_,2.945
_0095_,2.86
_0100_,2.86
_0157_,2.86
_0215_,2.86
_0279_,2.86
_0390_,2.86
_0922_,2.86
_0018_,2.785
_0117_,2.785
_0130_,2.785
_0440_,2.76
_0733_,2.76
_1419_,2.76
_1451_,2.76
_1448_,2.74
_0048_,2.715
_0066_,2.715
_0115_,2.715
_0193_,2.715
_0214_,2.715
_0266_,2.715
_0310_,2.715
_0519_,2.64
_1501_,2.64
po_0.alu_0._10_\[5\],2.64
_0417_,2.62
_0463_,2.62
_0950_,2.62
_1062_,2.62
_1107_,2.62
_1183_,2.62
_1318_,2.62
_0833_,2.59
_0056_,2.585
_0335_,2.585
_0041_,2.545
_0055_,2.545
_0059_,2.545
_0094_,2.545
_0118_,2.545
_0125_,2.545
_0138_,2.545
_0149_,2.545
_0159_,2.545
_0165_,2.545
_0179_,2.545
_0183_,2.545
_0185_,2.545
_0237_,2.545
_0244_,2.545
_0252_,2.545
_0254_,2.545
_0281_,2.545
_0282_,2.545
_0673_,2.52
_0723_,2.52
_0999_,2.52
_1084_,2.52
_1181_,2.52
_0596_,2.5
_0786_,2.5
_0901_,2.5
_0928_,2.5
_1047_,2.5
_1056_,2.5
_1069_,2.5
_1104_,2.5
_1162_,2.5
_1298_,2.5
_0208_,2.425
_0397_,2.4
_0510_,2.4
_0009_,2.375
_0071_,2.375
_0075_,2.375
_0181_,2.375
_0037_,2.325
_0069_,2.325
_0087_,2.325
_0106_,2.325
_0108_,2.325
_0175_,2.325
_0205_,2.325
_0240_,2.325
_0278_,2.325
_0317_,2.325
_0331_,2.325
_0362_,2.3
_0852_,2.28
_0016_,2.255
_0129_,2.255
_0160_,2.255
_0263_,2.255
_0328_,2.255
_0212_,2.235
_0227_,2.205
_0764_,2.185
_0550_,2.18
_1431_,2.18
_0449_,2.16
_0505_,2.16
_0509_,2.16
_1000_,2.16
_1019_,2.16
_1172_,2.16
_1292_,2.16
_1505_,2.16
po_0.regf_0._3_\[12\],2.16
_0073_,2.125
_0247_,2.125
_0294_,2.125
_0308_,2.125
_0050_,2.085
_0084_,2.085
_0137_,2.085
_0153_,2.085
_0154_,2.085
_0962_,2.06
_1001_,2.06
_1006_,2.06
_0533_,2.04
_0542_,2.04
_0750_,2.04
_0948_,2.04
_1028_,2.04
_1275_,2.04
_1295_,2.04
_1329_,2.04
_1473_,2.04
_0141_,2.035
_0025_,1.865
_0102_,1.865
_0103_,1.865
_0105_,1.865
_0107_,1.865
_0121_,1.865
_0142_,1.865
_0145_,1.865
_0156_,1.865
_0180_,1.865
_0246_,1.865
_0256_,1.865
_0285_,1.865
_0293_,1.865
_0527_,1.82
_0785_,1.82
_0384_,1.72
_0406_,1.72
_1139_,1.72
_1361_,1.72
_0489_,1.7
_0795_,1.7
_0799_,1.7
_1057_,1.7
_1083_,1.7
_1116_,1.7
_0582_,1.6
_0771_,1.6
_0805_,1.6
_0908_,1.6
_0933_,1.6
_0949_,1.6
_0955_,1.6
_0989_,1.6
_1051_,1.6
_1074_,1.6
_1075_,1.6
_1082_,1.6
_1103_,1.6
_1277_,1.6
_1320_,1.6
_0063_,1.575
_0089_,1.575
_0161_,1.575
_0176_,1.575
_0186_,1.575
_0234_,1.575
_0257_,1.575
_0264_,1.575
_0275_,1.575
_0298_,1.575
_0019_,1.405
_0057_,1.405
_0843_,1.38
_0491_,1.36
_0630_,1.36
_0690_,1.14
_0745_,1.14
_0841_,1.14
_0902_,1.14
_0905_,1.14
_0910_,1.14
_0911_,1.14
_0912_,1.14
_0932_,1.14
_0943_,1.14
_0956_,1.14
_0964_,1.14
_0970_,1.14
_1003_,1.14
_1008_,1.14
_1020_,1.14
_1027_,1.14
_1029_,1.14
_1030_,1.14
_1076_,1.14
_1087_,1.14
_1227_,1.14
_1242_,1.14
_1261_,1.14
_1265_,1.14
_1271_,1.14
_1272_,1.14
_1273_,1.14
_1310_,1.14
_1330_,1.14
_0507_,0.92
_0647_,0.92
_1147_,0.92
po_0.alu_0._11_\[7\],0.92
_0606_,0.46
